"Donor.ID","Donor.City","Donor.State","Donor.Is.Teacher","Donor.Zip","firstname","lastname"
"006b1d8366b7cbd32db380790cd6eec5","San Carlos","California","No","940","Abbie","Elisha"
"00f5b202013287e6984870e0f8a52b50","Danville","California","No","945","Nita","Gladstone"
"03127282b724623b1ae81d6d60922106","Danville","California","No","945","Maurene","Ovid"
"0478ea0f8e806545e7386a28ef1ffdd5","Pleasanton","California","No","945","Letizia","Jagir"
"061899a72c0a9ca0ad3724438dd38f51","","California","No","","Doro","Masao"
"075dfbcc8fd4dc57d7c2df38f2166ff8","San Mateo","California","No","944","Bertine","Raimondo"
"0953fec14e02ed60d46e8d9c01ac0cd1","San Ramon","California","No","945","Ermengarde","Howlyn"
"0a39dceed6975a0900f10eef8f864748","","California","No","","Tina","Friede"
"0ad5109ef89f5db677279746261dbb53","Chelan","Washington","No","988","Tomasina","Ruvolo"
"0af995efb6f0c6a3ff2c87e04d9002e8","Sonoma","California","No","954","Marline","Geffner"
"0c2971a748bae36966961eea35a72c90","","Kentucky","No","","Susette","Adore"
"0d9405ce1492b3ae0a0357a032bd9e9d","San Francisco","California","No","941","Valera","Pelagias"
"0e9a739cdcb9781cc5f8e37d7288396f","Danville","California","No","945","Donetta","Gualtiero"
"0fc26eacc9ce0b4f83797d9b3161c8c4","Fremont","California","No","945","Iseabal","Fulmer"
"10d9b9642162bc1e2d33a13f9b1e8dac","Oakland","California","No","946","Farrah","Hanleigh"
"1267a4559b26e531597ef7568a1ca97a","Napa","California","No","945","Hallie","Creamer"
"16a16e79cfc6762122d6a416fd6df149","Newark","California","No","945","Dominga","Raama"
"181384d86c50fd9e90907532f4788349","San Mateo","California","No","944","Cordi","Damarra"
"186c7d253888d7317737a93b8a0e8594","Santa Rosa","California","No","954","Dione","Voletta"
"1873596d97c3e2ab412ee44d914546f8","Danville","California","No","945","Augustine","Angelis"
"19bf56c64efb6c33fd6c0aba5dfb1d3e","Marietta","Georgia","No","300","Roz","Vastah"
"1b0204f1eb3f8f30d158284525b7909d","Oakland","California","No","946","Heida","Pip"
"1e006ab6b4c151da7d054f59676345d5","American Canyon","California","No","945","Blake","Kellby"
"1e006ab6b4c151da7d054f59676345d5","American Canyon","California","No","945","Corina","Bord"
"1e006ab6b4c151da7d054f59676345d5","American Canyon","California","No","945","Fawne","Tamar"
"1e006ab6b4c151da7d054f59676345d5","American Canyon","California","No","945","Lauryn","Sheng"
"1e4bcaf87477db0cf127811916237b9a","Diablo","California","No","945","Dacia","Riordan"
"1f69de70ef3083d1d3bdcfb00b372a68","American Canyon","California","No","945","Benita","Georgy"
"1fb5fec7a1a59afba5c7f7501d8fa67a","Danville","California","No","945","Stevana","Baylor"
"1fb5fec7a1a59afba5c7f7501d8fa67a","Danville","California","No","945","Dorothy","Lesley"
"1fb5fec7a1a59afba5c7f7501d8fa67a","Danville","California","No","945","Joelly","Modie"
"200a5763c1733958d3a7f6659a11a96e","Danville","California","No","945","June","Wenda"
"22bbd01ec2dcd323a263a1fdb24c770f","American Canyon","California","No","945","Kaja","Narton"
"24f22b54f799f722e573251814f3decf","Danville","California","No","945","Brooks","Neils"
"256689afc1f934efddfb13607c330431","San Mateo","California","No","944","Hannis","Dorcy"
"25950858e3117bba99f9dff94cfc3573","San Mateo","California","No","944","Concettina","Winthorpe"
"26c172dc7f97a60b0f9d2a5c3819eb35","Danville","California","No","945","Alyda","Tatianas"
"288e2f0c376e87bbf6c9682433c5fb2d","Camarillo","California","No","930","Brana","Lia"
"2d840b3429e538b2b6e5343f6e3873eb","Pleasanton","California","Yes","945","Linet","Seagraves"
"2fa1b1d054dcb54b6369e930ad0d6a0a","Dublin","California","Yes","945","Aaren","Gladstone"
"2ffdc7cecfd810f6f4122c00e5d6b7c6","Fremont","California","No","945","Brena","Cadmar"
"31038f09154454064a5ba00874d07499","Danville","California","No","945","Ida","Caitlin"
"3304f3b2f4b1b6d37710acf78766aff8","Danville","California","No","945","Wanda","Moseley"
"3304f3b2f4b1b6d37710acf78766aff8","Danville","California","No","945","Valeda","Andrel"
"346e49132a601028a0a0380b5df4f204","","California","No","","Konstance","Seligman"
"35d3000eb315b3b4a803f9f1323d0e6d","Berkeley","California","No","947","Glynnis","Cassius"
"35d3000eb315b3b4a803f9f1323d0e6d","Berkeley","California","No","947","Joy","Bakerman"
"35e26daf5d8e86cf7b67ccb571d4533c","Newark","California","No","945","Tracey","Turne"
"39cdf9d090b2f38db1e2eb015b2f3c9e","San Jose","California","No","951","Binny","Calhoun"
"3a77333eedb8950e11fe7e80cac97230","Oakland","California","No","946","Claresta","Rooney"
"3ac4fd622874fe97cbd5e0337736d6dd","Sonoma","California","No","954","Minne","Chandler"
"3be093a5d4f3d21200b7aeb5d563e2e7","Martinez","California","No","945","Hayley","Phi"
"3c15e4fa4c15b493e786d12a8c81481c","Danville","California","No","945","Gloria","Heisel"
"3c24b4720063eb82520b24f150a95d7d","Danville","California","No","945","Blondelle","Ricarda"
"3d48c3b2fca118f2ba8bf1d4a9bac795","Renton","Washington","No","980","Meg","Newell"
"3e554ceb4f11238e47bc1b42734ce860","Covina","California","No","917","Cam","Jillane"
"3f67b706e7ca47bf86fe438f9b1c267c","Belmont","California","No","940","Raf","Anselmi"
"3f855040110d57e5c7c357990de0bc0b","Danville","California","No","945","Rayna","Smitt"
"3f855040110d57e5c7c357990de0bc0b","Danville","California","No","945","Julieta","Gale"
"3fe1898ae4b4a8a7147bd81a97b39b6e","","other","No","","Miquela","Jess"
"406eba98d6901fa25c9b9396242a3e33","Littleton","Colorado","No","801","Minne","Mott"
"413d545896aecdbf05ee4b84eaeb82a0","Dublin","California","Yes","945","Genevra","Grayce"
"41df4df8399e11068500de29b941f54b","Danville","California","No","945","Zaria","Margret"
"452c04b27d4bb3fa29e500f05d0f7f62","San Francisco","California","No","941","Adore","Ortrude"
"483293c4a11c53f2724931840f90d0b1","Chico","California","No","959","Morganica","Ader"
"48f0e2709bb2d15b18c8fd9f88d74e19","Frederick","Maryland","No","217","Roberta","Lutero"
"48f0e2709bb2d15b18c8fd9f88d74e19","Frederick","Maryland","No","217","Ivett","Rodmann"
"4a2bbaaf9bdb489249d43d51e7a251e2","San Mateo","California","No","944","Charlena","Arvo"
"4a2bbaaf9bdb489249d43d51e7a251e2","San Mateo","California","No","944","Tierney","Lail"
"4a2bbaaf9bdb489249d43d51e7a251e2","San Mateo","California","No","944","Wanda","Millda"
"4a2bbaaf9bdb489249d43d51e7a251e2","San Mateo","California","No","944","Helena","Peti"
"4a2bbaaf9bdb489249d43d51e7a251e2","San Mateo","California","No","944","Myrtice","Carbo"
"4c884479e358409cecf40e7851555724","Danville","California","No","945","Ronna","Cutlerr"
"4cce2999ae1a3ed52ce820c0aa661365","San Mateo","California","Yes","944","Ursulina","Madelene"
"4f07473a1432d5745438678198f0919f","Danville","California","No","945","Anestassia","Kravits"
"4fa2deb2a3e983fae3b81345c7433ab0","San Francisco","California","No","941","Kristina","Orpah"
"56b92fd849ab4f0f6ebdaa2fa939129a","Nashua","New Hampshire","No","030","Gale","Brunell"
"57c19f313da92cc4e2a98ed98c69829a","Oakland","California","No","946","Phylis","Slifka"
"589a8e82725971ced21e5f0d8003e8e1","Chico","California","No","959","Florie","Haymes"
"5995a65e19d5cc9daa5909cae4b6900c","Danville","California","No","945","Charmaine","Minetta"
"61228da8d1ab372bbef7f0b84f9d3dba","Burlingame","California","No","940","Albertina","Brady"
"61228da8d1ab372bbef7f0b84f9d3dba","Burlingame","California","No","940","Ida","Calhoun"
"61228da8d1ab372bbef7f0b84f9d3dba","Burlingame","California","No","940","Kittie","Maurine"
"61b37500f3699f15fe476434db11547b","Newark","California","No","945","Desirae","Danby"
"6220e1fe27eb1897eba97aa07aec88ef","Danville","California","No","945","Roseline","Ball"
"6248f377a68bf9ce239b794d14ffc3f9","Danville","California","No","945","Adore","Oscar"
"6248f377a68bf9ce239b794d14ffc3f9","Danville","California","No","945","Ada","Sherrie"
"65c0779053343e1cf9331dcd71b635ac","San Mateo","California","No","944","Olwen","Christine"
"66ef85dd0dd4fd3518e8e75a655654aa","Danville","California","No","945","Talya","Tybald"
"6708862e519fcac3eb691407bedf9d7f","San Mateo","California","Yes","944","Gilda","Rudolph"
"670e54306fda24cf77b4c5681fddad06","Pleasanton","California","No","945","Ruthe","Amasa"
"6921ef8ba1e4c15c6302b0d5d790aa84","Napa","California","Yes","945","Gilligan","Mathilde"
"6a7b5e8142f87ce6eff4675cffb18dbd","American Canyon","California","No","945","Brianna","Fitzsimmons"
"6ac77b4cb148f5353549fcfeac33b3ae","San Jose","California","Yes","951","Leona","Kristi"
"6b378600bab6d85762238733e9ca0888","Danville","California","No","945","Lucy","Izaak"
"6ba811ea6198b9296ee6d1e54993ec53","Danville","California","No","945","Ofilia","Eiser"
"6c6dd701ceb8d9e96aab654783d76f2e","Danville","California","No","945","Libbie","Shaddock"
"6ca3ec0bb13f4f9b9158a798f9132777","Danville","California","No","945","Romona","Pettiford"
"6dd26394fbb3ef5a4e1fc771f70d282f","Danville","California","No","945","Drucie","Helve"
"6ff69826afe93662390855039c7b3849","Danville","California","No","945","Alameda","Stoller"
"723022d1d66a38024dca736295acc97a","Atascadero","California","No","934","Charissa","Madelene"
"776202e57142fda9fdbeda1d6ec3a591","Pacifica","California","No","940","Ayn","Nerita"
"787a17fd1da8e6cdb8362d022a51f86d","American Canyon","California","No","945","Gilligan","Maroney"
"787a17fd1da8e6cdb8362d022a51f86d","American Canyon","California","No","945","Alie","Borrell"
"7b09cdcdf40e08a51829b1fab51116d9","Newark","California","No","945","Theodora","Mallon"
"7b9f69d6686d1fcc0b68dc737a07a2eb","San Carlos","California","Yes","940","Caritta","Jillane"
"7b9f69d6686d1fcc0b68dc737a07a2eb","San Carlos","California","Yes","940","Benita","Cristi"
"7faaba9607f2ecf005977243cd2adc45","American Canyon","California","No","945","Charissa","Gale"
"84be2fc7a4fe48b6a926d9e58a09c15d","San Mateo","California","No","944","Charissa","Egbert"
"84be2fc7a4fe48b6a926d9e58a09c15d","San Mateo","California","No","944","Alie","Thomasina"
"8741dadfa97794570234cb6bb7c7e690","American Canyon","California","No","945","Estell","Annabella"
"87d43dd01495b0717ba0b2f938ad657a","Danville","California","No","945","Audrie","Dawkins"
"87e228745557d35b74d35cf65b1ac112","Fremont","California","No","945","Lindie","Tamar"
"889a55c4c6935e2f22b459ccb2f547d4","","other","No","","Mallory","Wilona"
"89f47c14e292e0ffb485fd13b6f91d43","Danville","California","No","945","Audrie","Ingra"
"8bc21a67fa498bafe6c19cb9180a5ef4","Danville","California","No","945","Rayna","Carey"
"90dbff525b544d3fc8b50aedba1d21f7","Danville","California","No","945","Cacilie","Kiersten"
"92f840477f016d66e96d996e5d4e327f","Port Hueneme","California","No","930","Tani","Guthrie"
"932da84cc86391ca4cdbc629ac4be802","Washington","District of Columbia","No","200","Norine","Roche"
"93b3324a1d3ad44402bfee70760f3cbd","","other","Yes","","Mamie","Loleta"
"93b3324a1d3ad44402bfee70760f3cbd","","other","Yes","","Wynne","Schonfeld"
"96245c23aa170890b3b8a4e2a7f4ccd5","Newark","California","No","945","Tamqrah","Helfand"
"968aeb59e8e5c825016c25351d80bf89","","other","Yes","","Ermengarde","Nikaniki"
"968aeb59e8e5c825016c25351d80bf89","","other","Yes","","Gaylene","Means"
"968aeb59e8e5c825016c25351d80bf89","","other","Yes","","Rozele","Earlie"
"968aeb59e8e5c825016c25351d80bf89","","other","Yes","","Fina","Alisia"
"98c76a3956544fcb3b80153472df3fd3","American Canyon","California","No","945","Laure","Phyllis"
"98c76a3956544fcb3b80153472df3fd3","American Canyon","California","No","945","Jerry","Gladstone"
"993ee70e635f3514a6aa2701358a33ab","Sonoma","California","No","954","Florencia","Berl"
"99ec2f5540377aa62941dc0b39480028","American Canyon","California","No","945","Frank","Oster"
"99fe2d6d807f6aea0f054c2e200df9c6","Stockton","California","No","952","Lexine","Dyche"
"9b4c4ef84a7615094a4e1ca4a1cb5dba","Danville","California","No","945","Misha","Lewes"
"9bd7c3344353640bf5886b17755b31ea","American Canyon","California","No","945","Britte","Vilma"
"9e772b411eaac61b3541faedde6387ef","Stockton","California","Yes","952","Winifred","Liebermann"
"9e772b411eaac61b3541faedde6387ef","Stockton","California","Yes","952","Cyb","Louanna"
"9e772b411eaac61b3541faedde6387ef","Stockton","California","Yes","952","Rayna","Nunci"
"9e92db11e6f58e2ee50b3b228e2667ff","Danville","California","No","945","Cordi","Cloris"
"9f2515307c6d960a6009b77eddced9a3","Danville","California","No","945","Annecorinne","Montgomery"
"9fa5749673587405acbad064de6a33b7","Berkeley","California","No","947","Florencia","Papageno"
"a0341bfda4f71e42aa89363a3156225a","Danville","California","No","945","Misha","Whiffen"
"a102c64013c0839d60908a57a51004ea","Danville","California","No","945","Madelle","Brodench"
"a14258404eb8ba58bb8691403825d84e","San Ramon","California","No","945","Margalo","Angelis"
"a20d70c9943e1ce4b5131efec7a116ea","Chico","California","No","959","Trixi","Regan"
"a2a5618faeb080242eb2e2710471439c","Moraga","California","No","945","Tabbatha","Carri"
"a2e5990cf57dd20a0a62696a8d62a829","Carmichael","California","No","956","Shauna","Hachmin"
"a3685cce89871482ce51ad0f5d00c050","Danville","California","No","945","Courtnay","Philoo"
"a3685cce89871482ce51ad0f5d00c050","Danville","California","No","945","Shaine","Suzetta"
"a4a9711ef30775139e2487723e3c99c8","McKittrick","California","No","932","Winifred","Glenden"
"a4e57befa79175b69674e860e2701bcd","Chico","California","No","959","Caressa","Vernier"
"a522630725a950fe50aabbd544946344","Los Angeles","California","No","900","Dotty","Harday"
"a673255c384022ac42cc31319adde62f","Sacramento","California","No","958","Celene","Bohlin"
"a8e11c1d57374fea097bf4e382c6b38b","San Mateo","California","No","944","Dagmar","Candy"
"ab8c82157a3de17b8d2fb2a2f728923a","New York","New York","No","100","Estell","Sabella"
"ac0fb74d64dc267b6e79edb930ccbf4f","San Jose","California","No","951","Melodie","Willie"
"ac642fbefda5e455beee982e9ed18752","Martinez","California","No","945","Joy","Fredi"
"acd671b837af652676fd09c482efad68","Manteca","California","No","953","Fidelia","Carey"
"ad3f023a6a108810f2b3d2c481514bfa","San Mateo","California","No","944","Di","Waldron"
"ad4ae4878e0c97643811a003babc3699","Danville","California","No","945","Sissy","Larochelle"
"aeddc168c208e159af797bcd52434d00","Danville","California","Yes","945","Rori","Virgin"
"aeddc168c208e159af797bcd52434d00","Danville","California","Yes","945","Bernardine","Denis"
"afb85570abf392131d7efc1f9239557e","","California","No","","Shell","Swanhildas"
"afcbced1ce5f4b9ecbddea7a85355326","Walnut Creek","California","No","945","Lorne","Sophronia"
"afcbced1ce5f4b9ecbddea7a85355326","Walnut Creek","California","No","945","Bee","Regan"
"afcbced1ce5f4b9ecbddea7a85355326","Walnut Creek","California","No","945","Myrtice","Vivle"
"aff497d90427e85337bc2944afdcfbf4","Newark","California","No","945","Averyl","Si"
"b4203c5af08c7f59b68e459c6b9d7f41","Danville","California","No","945","Rori","Michella"
"b62ebfa8a598eb05785776b92040a5a2","","California","No","","Goldie","Janene"
"b73ce98cab6c161332cb7428d6093d18","Danville","California","No","945","Modestia","Goddard"
"b8398622fab353a0e1ed474770df9f35","Danville","California","No","945","Blake","Annabella"
"b8398622fab353a0e1ed474770df9f35","Danville","California","No","945","Concettina","Ralfston"
"b843c7b44600ac9cf66e93295be88301","Diablo","California","No","945","Nyssa","Michella"
"ba8987234d0f1020deda08fdc3f78b98","American Canyon","California","No","945","Aigneis","Lewes"
"bc3e5ece96319fc15da82dc1b2393297","Danville","California","No","945","Shannah","Sandye"
"bd58ba0b74427b6686b3d721f0cbcb6e","Carbondale","Colorado","No","816","Audrie","Zenas"
"bd58ba0b74427b6686b3d721f0cbcb6e","Carbondale","Colorado","No","816","Jasmina","Henrie"
"bd8a0a585e4eebde07ce823ad589f03f","Danville","California","No","945","Ashlee","Granoff"
"bd956d8732e1e6ad7509133fbf5c04df","Hayward","California","No","945","Alexine","Junie"
"be0e7cb40c7491f0df9931fb3db5d2bc","Paradise","California","No","959","Marleah","Hailee"
"c03b4bad5228d6fef6a5ed3cfea204a8","Pleasanton","California","No","945","Tiffie","Edee"
"c09be68369380a15a9667b7e2b34e99b","Chico","California","No","959","Latisha","Magdalen"
"c1e89e753e7a7ec4cb002bd9fbe981eb","American Canyon","California","No","945","Clarice","Firmin"
"c36d8322bb97d0d7d9eedf713c5ebbc3","Orcas","Washington","No","982","Fidelia","Emmy"
"c4ab62948c82988bdfb87da31f79a391","San Mateo","California","No","944","Wynne","Isidore"
"c683d62834ac6ec0debfac2531366b48","San Francisco","California","No","941","Catharine","Harned"
"c6eb09f3819ddfb4bc74a19d1ffc7708","Encinitas","California","No","920","Brana","Olin"
"c735493288c8a49a835357d4e36ec1a9","Stockton","California","No","952","Lulita","Alabaster"
"c8054908f4a8e8b0aaf983fddf51335b","Danville","California","No","945","Bee","Erskine"
"c92e2315312ac64e67646bc6d8c7983e","San Mateo","California","No","944","Ofilia","Ciro"
"ca38926f8a6ad2726854ba277bc72a24","Danville","California","No","945","Winifred","Caitlin"
"ca4043844b4cc146c97d6bb12513d581","Santa Rosa","California","No","954","Bobinette","Zaslow"
"caabdc44d9c7814a214a3f741c2256c4","Madison","Wisconsin","No","537","Dorothy","Dom"
"caf5d48a720d98ff4e761a3276f79a78","Walnut Creek","New York","No","945","Jordan","Lynn"
"cc4ac2c51d4b74c256d017aa9e6ea410","French Camp","California","No","952","Ebonee","Cassius"
"cc76a7303c62a9a3083e7dbd43174bd4","Vacaville","California","No","956","Lonnie","Granoff"
"cdea9c0a38bfc94c50d218a15d4c6b46","San Carlos","California","No","940","Shaylyn","Lory"
"d305e8fc52257c4e693266e0573b532b","Fremont","California","No","945","Chastity","Dituri"
"d7777ac107079ff18e9601bf7cf8286f","Danville","California","No","945","Claresta","Olin"
"d8715f3ed2821a0b726887bfd9b305cf","Redwood City","California","No","940","Marjie","Callista"
"da4059ea4f60f4b1953acb0f87aec3a4","Racine","Wisconsin","No","534","Jessy","Hoban"
"dbfed4da83b54559514a186679d963c0","Bakersfield","California","No","933","Isa","Allina"
"dd793620ab555da0bc86798b4b39d1ce","Champaign","Illinois","No","618","Hermione","Borrell"
"def9ce42218e4dc4ea5b7dbcd26f0797","San Mateo","California","No","944","Wileen","Talia"
"e15d24326b4893c6b1561e4e65fc2462","Danville","California","No","945","Sheree","Bivins"
"e3690a642922d3c69d6ed2257ce9f036","San Mateo","California","No","944","Dotty","Regan"
"e626b94ff30011b06bef286297a7a9fe","Fremont","California","No","945","Cyb","Daveta"
"e79d3cedfbb35f621365537db48e43f3","","California","No","","Cam","Mike"
"e885e472e6b6063abcdd7f3296cfdd64","Newark","California","No","945","Jobi","Vins"
"e9106cb4ee351f2d497edee46229bdb0","Chico","California","Yes","959","Kassey","Socha"
"ea663e2cfe34470aa3cfd633d0ccc69d","San Leandro","California","No","945","Ericka","Joseph"
"eabec2cd91f4f7ef991b8655a981d2ae","Chico","California","No","959","Leontine","Vilma"
"ed3a2fe03774a2833c7d23fd2ce6008f","American Canyon","California","No","945","Annora","Kellby"
"f09cb04beb0c14f94971025e6fa0313d","American Canyon","California","No","945","Lilith","Cristi"
"f1324892935925fe2dc0e44ae3cb2027","","California","No","945","Aimil","Celestine"
"f1c96a6b52336994b8554270acbf669b","San Mateo","California","No","944","Latisha","Pulsifer"
"f790a270a8660989a3b9e26ccba44029","Danville","California","No","945","Joane","Garek"
"f8033f8953b6a7b47a8666aaf693ae1b","Draper","Utah","No","840","Bibby","Sundin"
"fb904cb7d8cbf82ee294a828e4e05e7c","Newark","California","No","945","Dorice","Judye"
"fbda573fb1e3d9b34f86cd65c5933eb5","Mountain View","California","No","940","Merle","Rugen"
"fc83ee467b672afbd5a3e537328f610b","San Mateo","California","Yes","944","Sharlene","Zachary"
"fc8c7a6e13bbf409869d63348a5aad29","San Mateo","California","No","944","Jackie","Ummersen"
"fd3c0b93118dc7b6bc258bc7475a536b","Hayward","California","No","945","Carol-Jean","Shirberg"
"fdff57cfc014072a999eddb09ad38baf","American Canyon","California","Yes","945","Ana","Crudden"
"fdff57cfc014072a999eddb09ad38baf","American Canyon","California","Yes","945","Halette","Quinn"
"fdff57cfc014072a999eddb09ad38baf","American Canyon","California","Yes","945","Susan","Bebe"
